	Reads_raw_R1	Reads_raw_R2	BinGroup	Reads_QC_R1	Reads_QC_R2	Reads_QC_se
C4	/proj/snic2020-5-486/dbp_gut_microbiome/DataDelivery_2023-01-10_15-17-23_ngisthlm00104/files/P27457/P27457_101/02-FASTQ/221205_A00689_0706_BHYV7CDSX3/P27457_101_S13_L004_R1_001.fastq.gz	/proj/snic2020-5-486/dbp_gut_microbiome/DataDelivery_2023-01-10_15-17-23_ngisthlm00104/files/P27457/P27457_101/02-FASTQ/221205_A00689_0706_BHYV7CDSX3/P27457_101_S13_L004_R2_001.fastq.gz	F0_C	C4/sequence_quality_control/C4_QC_R1.fastq.gz	C4/sequence_quality_control/C4_QC_R2.fastq.gz	C4/sequence_quality_control/C4_QC_se.fastq.gz
C23	/proj/snic2020-5-486/dbp_gut_microbiome/DataDelivery_2023-01-10_15-17-23_ngisthlm00104/files/P27457/P27457_102/02-FASTQ/221205_A00689_0706_BHYV7CDSX3/P27457_102_S14_L004_R1_001.fastq.gz	/proj/snic2020-5-486/dbp_gut_microbiome/DataDelivery_2023-01-10_15-17-23_ngisthlm00104/files/P27457/P27457_102/02-FASTQ/221205_A00689_0706_BHYV7CDSX3/P27457_102_S14_L004_R2_001.fastq.gz	F2_C	C23/sequence_quality_control/C23_QC_R1.fastq.gz	C23/sequence_quality_control/C23_QC_R2.fastq.gz	C23/sequence_quality_control/C23_QC_se.fastq.gz
C27	/proj/snic2020-5-486/dbp_gut_microbiome/DataDelivery_2023-01-10_15-17-23_ngisthlm00104/files/P27457/P27457_103/02-FASTQ/221205_A00689_0706_BHYV7CDSX3/P27457_103_S15_L004_R1_001.fastq.gz	/proj/snic2020-5-486/dbp_gut_microbiome/DataDelivery_2023-01-10_15-17-23_ngisthlm00104/files/P27457/P27457_103/02-FASTQ/221205_A00689_0706_BHYV7CDSX3/P27457_103_S15_L004_R2_001.fastq.gz	F2_C	C27/sequence_quality_control/C27_QC_R1.fastq.gz	C27/sequence_quality_control/C27_QC_R2.fastq.gz	C27/sequence_quality_control/C27_QC_se.fastq.gz
L29	/proj/snic2020-5-486/dbp_gut_microbiome/DataDelivery_2023-01-10_15-17-23_ngisthlm00104/files/P27457/P27457_104/02-FASTQ/221205_A00689_0706_BHYV7CDSX3/P27457_104_S16_L004_R1_001.fastq.gz	/proj/snic2020-5-486/dbp_gut_microbiome/DataDelivery_2023-01-10_15-17-23_ngisthlm00104/files/P27457/P27457_104/02-FASTQ/221205_A00689_0706_BHYV7CDSX3/P27457_104_S16_L004_R2_001.fastq.gz	F2_L	L29/sequence_quality_control/L29_QC_R1.fastq.gz	L29/sequence_quality_control/L29_QC_R2.fastq.gz	L29/sequence_quality_control/L29_QC_se.fastq.gz
H12	/proj/snic2020-5-486/dbp_gut_microbiome/DataDelivery_2023-01-10_15-17-23_ngisthlm00104/files/P27457/P27457_105/02-FASTQ/221205_A00689_0706_BHYV7CDSX3/P27457_105_S17_L004_R1_001.fastq.gz	/proj/snic2020-5-486/dbp_gut_microbiome/DataDelivery_2023-01-10_15-17-23_ngisthlm00104/files/P27457/P27457_105/02-FASTQ/221205_A00689_0706_BHYV7CDSX3/P27457_105_S17_L004_R2_001.fastq.gz	F1_H	H12/sequence_quality_control/H12_QC_R1.fastq.gz	H12/sequence_quality_control/H12_QC_R2.fastq.gz	H12/sequence_quality_control/H12_QC_se.fastq.gz
H8	/proj/snic2020-5-486/dbp_gut_microbiome/DataDelivery_2023-01-10_15-17-23_ngisthlm00104/files/P27457/P27457_106/02-FASTQ/221205_A00689_0706_BHYV7CDSX3/P27457_106_S18_L004_R1_001.fastq.gz	/proj/snic2020-5-486/dbp_gut_microbiome/DataDelivery_2023-01-10_15-17-23_ngisthlm00104/files/P27457/P27457_106/02-FASTQ/221205_A00689_0706_BHYV7CDSX3/P27457_106_S18_L004_R2_001.fastq.gz	F0_H	H8/sequence_quality_control/H8_QC_R1.fastq.gz	H8/sequence_quality_control/H8_QC_R2.fastq.gz	H8/sequence_quality_control/H8_QC_se.fastq.gz
H31	/proj/snic2020-5-486/dbp_gut_microbiome/DataDelivery_2023-01-10_15-17-23_ngisthlm00104/files/P27457/P27457_107/02-FASTQ/221205_A00689_0706_BHYV7CDSX3/P27457_107_S19_L004_R1_001.fastq.gz	/proj/snic2020-5-486/dbp_gut_microbiome/DataDelivery_2023-01-10_15-17-23_ngisthlm00104/files/P27457/P27457_107/02-FASTQ/221205_A00689_0706_BHYV7CDSX3/P27457_107_S19_L004_R2_001.fastq.gz	F2_H	H31/sequence_quality_control/H31_QC_R1.fastq.gz	H31/sequence_quality_control/H31_QC_R2.fastq.gz	H31/sequence_quality_control/H31_QC_se.fastq.gz
H21	/proj/snic2020-5-486/dbp_gut_microbiome/DataDelivery_2023-01-10_15-17-23_ngisthlm00104/files/P27457/P27457_108/02-FASTQ/221205_A00689_0706_BHYV7CDSX3/P27457_108_S20_L004_R1_001.fastq.gz	/proj/snic2020-5-486/dbp_gut_microbiome/DataDelivery_2023-01-10_15-17-23_ngisthlm00104/files/P27457/P27457_108/02-FASTQ/221205_A00689_0706_BHYV7CDSX3/P27457_108_S20_L004_R2_001.fastq.gz	F2_H	H21/sequence_quality_control/H21_QC_R1.fastq.gz	H21/sequence_quality_control/H21_QC_R2.fastq.gz	H21/sequence_quality_control/H21_QC_se.fastq.gz
H2	/proj/snic2020-5-486/dbp_gut_microbiome/DataDelivery_2023-01-10_15-17-23_ngisthlm00104/files/P27457/P27457_109/02-FASTQ/221205_A00689_0706_BHYV7CDSX3/P27457_109_S21_L004_R1_001.fastq.gz	/proj/snic2020-5-486/dbp_gut_microbiome/DataDelivery_2023-01-10_15-17-23_ngisthlm00104/files/P27457/P27457_109/02-FASTQ/221205_A00689_0706_BHYV7CDSX3/P27457_109_S21_L004_R2_001.fastq.gz	F0_H	H2/sequence_quality_control/H2_QC_R1.fastq.gz	H2/sequence_quality_control/H2_QC_R2.fastq.gz	H2/sequence_quality_control/H2_QC_se.fastq.gz
H13	/proj/snic2020-5-486/dbp_gut_microbiome/DataDelivery_2023-01-10_15-17-23_ngisthlm00104/files/P27457/P27457_110/02-FASTQ/221205_A00689_0706_BHYV7CDSX3/P27457_110_S22_L004_R1_001.fastq.gz	/proj/snic2020-5-486/dbp_gut_microbiome/DataDelivery_2023-01-10_15-17-23_ngisthlm00104/files/P27457/P27457_110/02-FASTQ/221205_A00689_0706_BHYV7CDSX3/P27457_110_S22_L004_R2_001.fastq.gz	F1_H	H13/sequence_quality_control/H13_QC_R1.fastq.gz	H13/sequence_quality_control/H13_QC_R2.fastq.gz	H13/sequence_quality_control/H13_QC_se.fastq.gz
L27	/proj/snic2020-5-486/dbp_gut_microbiome/DataDelivery_2023-01-10_15-17-23_ngisthlm00104/files/P27457/P27457_111/02-FASTQ/221205_A00689_0706_BHYV7CDSX3/P27457_111_S23_L004_R1_001.fastq.gz	/proj/snic2020-5-486/dbp_gut_microbiome/DataDelivery_2023-01-10_15-17-23_ngisthlm00104/files/P27457/P27457_111/02-FASTQ/221205_A00689_0706_BHYV7CDSX3/P27457_111_S23_L004_R2_001.fastq.gz	F2_L	L27/sequence_quality_control/L27_QC_R1.fastq.gz	L27/sequence_quality_control/L27_QC_R2.fastq.gz	L27/sequence_quality_control/L27_QC_se.fastq.gz
C13	/proj/snic2020-5-486/dbp_gut_microbiome/DataDelivery_2023-01-10_15-17-23_ngisthlm00104/files/P27457/P27457_112/02-FASTQ/221205_A00689_0706_BHYV7CDSX3/P27457_112_S24_L004_R1_001.fastq.gz	/proj/snic2020-5-486/dbp_gut_microbiome/DataDelivery_2023-01-10_15-17-23_ngisthlm00104/files/P27457/P27457_112/02-FASTQ/221205_A00689_0706_BHYV7CDSX3/P27457_112_S24_L004_R2_001.fastq.gz	F1_C	C13/sequence_quality_control/C13_QC_R1.fastq.gz	C13/sequence_quality_control/C13_QC_R2.fastq.gz	C13/sequence_quality_control/C13_QC_se.fastq.gz
L30	/proj/snic2020-5-486/dbp_gut_microbiome/DataDelivery_2023-01-10_15-17-23_ngisthlm00104/files/P27457/P27457_114/02-FASTQ/221205_A00689_0706_BHYV7CDSX3/P27457_114_S26_L004_R1_001.fastq.gz	/proj/snic2020-5-486/dbp_gut_microbiome/DataDelivery_2023-01-10_15-17-23_ngisthlm00104/files/P27457/P27457_114/02-FASTQ/221205_A00689_0706_BHYV7CDSX3/P27457_114_S26_L004_R2_001.fastq.gz	F2_L	L30/sequence_quality_control/L30_QC_R1.fastq.gz	L30/sequence_quality_control/L30_QC_R2.fastq.gz	L30/sequence_quality_control/L30_QC_se.fastq.gz
L5	/proj/snic2020-5-486/dbp_gut_microbiome/DataDelivery_2023-01-10_15-17-23_ngisthlm00104/files/P27457/P27457_115/02-FASTQ/221205_A00689_0706_BHYV7CDSX3/P27457_115_S27_L004_R1_001.fastq.gz	/proj/snic2020-5-486/dbp_gut_microbiome/DataDelivery_2023-01-10_15-17-23_ngisthlm00104/files/P27457/P27457_115/02-FASTQ/221205_A00689_0706_BHYV7CDSX3/P27457_115_S27_L004_R2_001.fastq.gz	F0_L	L5/sequence_quality_control/L5_QC_R1.fastq.gz	L5/sequence_quality_control/L5_QC_R2.fastq.gz	L5/sequence_quality_control/L5_QC_se.fastq.gz
H7	/proj/snic2020-5-486/dbp_gut_microbiome/DataDelivery_2023-01-10_15-17-23_ngisthlm00104/files/P27457/P27457_116/02-FASTQ/221205_A00689_0706_BHYV7CDSX3/P27457_116_S28_L004_R1_001.fastq.gz	/proj/snic2020-5-486/dbp_gut_microbiome/DataDelivery_2023-01-10_15-17-23_ngisthlm00104/files/P27457/P27457_116/02-FASTQ/221205_A00689_0706_BHYV7CDSX3/P27457_116_S28_L004_R2_001.fastq.gz	F0_H	H7/sequence_quality_control/H7_QC_R1.fastq.gz	H7/sequence_quality_control/H7_QC_R2.fastq.gz	H7/sequence_quality_control/H7_QC_se.fastq.gz
C11-t.r	/proj/snic2020-5-486/dbp_gut_microbiome/DataDelivery_2023-01-10_15-17-23_ngisthlm00104/files/P27457/P27457_117/02-FASTQ/221205_A00689_0706_BHYV7CDSX3/P27457_117_S29_L004_R1_001.fastq.gz	/proj/snic2020-5-486/dbp_gut_microbiome/DataDelivery_2023-01-10_15-17-23_ngisthlm00104/files/P27457/P27457_117/02-FASTQ/221205_A00689_0706_BHYV7CDSX3/P27457_117_S29_L004_R2_001.fastq.gz	F0_C	C11-t.r/sequence_quality_control/C11-t.r_QC_R1.fastq.gz	C11-t.r/sequence_quality_control/C11-t.r_QC_R2.fastq.gz	C11-t.r/sequence_quality_control/C11-t.r_QC_se.fastq.gz
L19	/proj/snic2020-5-486/dbp_gut_microbiome/DataDelivery_2023-01-10_15-17-23_ngisthlm00104/files/P27457/P27457_118/02-FASTQ/221205_A00689_0706_BHYV7CDSX3/P27457_118_S30_L004_R1_001.fastq.gz	/proj/snic2020-5-486/dbp_gut_microbiome/DataDelivery_2023-01-10_15-17-23_ngisthlm00104/files/P27457/P27457_118/02-FASTQ/221205_A00689_0706_BHYV7CDSX3/P27457_118_S30_L004_R2_001.fastq.gz	F2_L	L19/sequence_quality_control/L19_QC_R1.fastq.gz	L19/sequence_quality_control/L19_QC_R2.fastq.gz	L19/sequence_quality_control/L19_QC_se.fastq.gz
L18	/proj/snic2020-5-486/dbp_gut_microbiome/DataDelivery_2023-01-10_15-17-23_ngisthlm00104/files/P27457/P27457_119/02-FASTQ/221205_A00689_0706_BHYV7CDSX3/P27457_119_S31_L004_R1_001.fastq.gz	/proj/snic2020-5-486/dbp_gut_microbiome/DataDelivery_2023-01-10_15-17-23_ngisthlm00104/files/P27457/P27457_119/02-FASTQ/221205_A00689_0706_BHYV7CDSX3/P27457_119_S31_L004_R2_001.fastq.gz	F2_L	L18/sequence_quality_control/L18_QC_R1.fastq.gz	L18/sequence_quality_control/L18_QC_R2.fastq.gz	L18/sequence_quality_control/L18_QC_se.fastq.gz
L20	/proj/snic2020-5-486/dbp_gut_microbiome/DataDelivery_2023-01-10_15-17-23_ngisthlm00104/files/P27457/P27457_120/02-FASTQ/221205_A00689_0706_BHYV7CDSX3/P27457_120_S32_L004_R1_001.fastq.gz	/proj/snic2020-5-486/dbp_gut_microbiome/DataDelivery_2023-01-10_15-17-23_ngisthlm00104/files/P27457/P27457_120/02-FASTQ/221205_A00689_0706_BHYV7CDSX3/P27457_120_S32_L004_R2_001.fastq.gz	F2_L	L20/sequence_quality_control/L20_QC_R1.fastq.gz	L20/sequence_quality_control/L20_QC_R2.fastq.gz	L20/sequence_quality_control/L20_QC_se.fastq.gz
H5	/proj/snic2020-5-486/dbp_gut_microbiome/DataDelivery_2023-01-10_15-17-23_ngisthlm00104/files/P27457/P27457_121/02-FASTQ/221205_A00689_0706_BHYV7CDSX3/P27457_121_S33_L004_R1_001.fastq.gz	/proj/snic2020-5-486/dbp_gut_microbiome/DataDelivery_2023-01-10_15-17-23_ngisthlm00104/files/P27457/P27457_121/02-FASTQ/221205_A00689_0706_BHYV7CDSX3/P27457_121_S33_L004_R2_001.fastq.gz	F0_H	H5/sequence_quality_control/H5_QC_R1.fastq.gz	H5/sequence_quality_control/H5_QC_R2.fastq.gz	H5/sequence_quality_control/H5_QC_se.fastq.gz
H27	/proj/snic2020-5-486/dbp_gut_microbiome/DataDelivery_2023-01-10_15-17-23_ngisthlm00104/files/P27457/P27457_122/02-FASTQ/221205_A00689_0706_BHYV7CDSX3/P27457_122_S34_L004_R1_001.fastq.gz	/proj/snic2020-5-486/dbp_gut_microbiome/DataDelivery_2023-01-10_15-17-23_ngisthlm00104/files/P27457/P27457_122/02-FASTQ/221205_A00689_0706_BHYV7CDSX3/P27457_122_S34_L004_R2_001.fastq.gz	F2_H	H27/sequence_quality_control/H27_QC_R1.fastq.gz	H27/sequence_quality_control/H27_QC_R2.fastq.gz	H27/sequence_quality_control/H27_QC_se.fastq.gz
C20	/proj/snic2020-5-486/dbp_gut_microbiome/DataDelivery_2023-01-10_15-17-23_ngisthlm00104/files/P27457/P27457_123/02-FASTQ/221205_A00689_0706_BHYV7CDSX3/P27457_123_S35_L004_R1_001.fastq.gz	/proj/snic2020-5-486/dbp_gut_microbiome/DataDelivery_2023-01-10_15-17-23_ngisthlm00104/files/P27457/P27457_123/02-FASTQ/221205_A00689_0706_BHYV7CDSX3/P27457_123_S35_L004_R2_001.fastq.gz	F2_C	C20/sequence_quality_control/C20_QC_R1.fastq.gz	C20/sequence_quality_control/C20_QC_R2.fastq.gz	C20/sequence_quality_control/C20_QC_se.fastq.gz
L24	/proj/snic2020-5-486/dbp_gut_microbiome/DataDelivery_2023-01-10_15-17-23_ngisthlm00104/files/P27457/P27457_124/02-FASTQ/221205_A00689_0706_BHYV7CDSX3/P27457_124_S36_L004_R1_001.fastq.gz	/proj/snic2020-5-486/dbp_gut_microbiome/DataDelivery_2023-01-10_15-17-23_ngisthlm00104/files/P27457/P27457_124/02-FASTQ/221205_A00689_0706_BHYV7CDSX3/P27457_124_S36_L004_R2_001.fastq.gz	F2_L	L24/sequence_quality_control/L24_QC_R1.fastq.gz	L24/sequence_quality_control/L24_QC_R2.fastq.gz	L24/sequence_quality_control/L24_QC_se.fastq.gz
C14	/proj/snic2020-5-486/dbp_gut_microbiome/DataDelivery_2023-01-10_15-17-23_ngisthlm00104/files/P27457/P27457_125/02-FASTQ/221205_A00689_0706_BHYV7CDSX3/P27457_125_S37_L004_R1_001.fastq.gz	/proj/snic2020-5-486/dbp_gut_microbiome/DataDelivery_2023-01-10_15-17-23_ngisthlm00104/files/P27457/P27457_125/02-FASTQ/221205_A00689_0706_BHYV7CDSX3/P27457_125_S37_L004_R2_001.fastq.gz	F1_C	C14/sequence_quality_control/C14_QC_R1.fastq.gz	C14/sequence_quality_control/C14_QC_R2.fastq.gz	C14/sequence_quality_control/C14_QC_se.fastq.gz
C25	/proj/snic2020-5-486/dbp_gut_microbiome/DataDelivery_2023-01-10_15-17-23_ngisthlm00104/files/P27457/P27457_126/02-FASTQ/221205_A00689_0706_BHYV7CDSX3/P27457_126_S38_L004_R1_001.fastq.gz	/proj/snic2020-5-486/dbp_gut_microbiome/DataDelivery_2023-01-10_15-17-23_ngisthlm00104/files/P27457/P27457_126/02-FASTQ/221205_A00689_0706_BHYV7CDSX3/P27457_126_S38_L004_R2_001.fastq.gz	F2_C	C25/sequence_quality_control/C25_QC_R1.fastq.gz	C25/sequence_quality_control/C25_QC_R2.fastq.gz	C25/sequence_quality_control/C25_QC_se.fastq.gz
L6	/proj/snic2020-5-486/dbp_gut_microbiome/DataDelivery_2023-01-10_15-17-23_ngisthlm00104/files/P27457/P27457_127/02-FASTQ/221205_A00689_0706_BHYV7CDSX3/P27457_127_S39_L004_R1_001.fastq.gz	/proj/snic2020-5-486/dbp_gut_microbiome/DataDelivery_2023-01-10_15-17-23_ngisthlm00104/files/P27457/P27457_127/02-FASTQ/221205_A00689_0706_BHYV7CDSX3/P27457_127_S39_L004_R2_001.fastq.gz	F0_L	L6/sequence_quality_control/L6_QC_R1.fastq.gz	L6/sequence_quality_control/L6_QC_R2.fastq.gz	L6/sequence_quality_control/L6_QC_se.fastq.gz
H24	/proj/snic2020-5-486/dbp_gut_microbiome/DataDelivery_2023-01-10_15-17-23_ngisthlm00104/files/P27457/P27457_128/02-FASTQ/221205_A00689_0706_BHYV7CDSX3/P27457_128_S40_L004_R1_001.fastq.gz	/proj/snic2020-5-486/dbp_gut_microbiome/DataDelivery_2023-01-10_15-17-23_ngisthlm00104/files/P27457/P27457_128/02-FASTQ/221205_A00689_0706_BHYV7CDSX3/P27457_128_S40_L004_R2_001.fastq.gz	F2_H	H24/sequence_quality_control/H24_QC_R1.fastq.gz	H24/sequence_quality_control/H24_QC_R2.fastq.gz	H24/sequence_quality_control/H24_QC_se.fastq.gz
L23	/proj/snic2020-5-486/dbp_gut_microbiome/DataDelivery_2023-01-10_15-17-23_ngisthlm00104/files/P27457/P27457_129/02-FASTQ/221205_A00689_0706_BHYV7CDSX3/P27457_129_S41_L004_R1_001.fastq.gz	/proj/snic2020-5-486/dbp_gut_microbiome/DataDelivery_2023-01-10_15-17-23_ngisthlm00104/files/P27457/P27457_129/02-FASTQ/221205_A00689_0706_BHYV7CDSX3/P27457_129_S41_L004_R2_001.fastq.gz	F2_L	L23/sequence_quality_control/L23_QC_R1.fastq.gz	L23/sequence_quality_control/L23_QC_R2.fastq.gz	L23/sequence_quality_control/L23_QC_se.fastq.gz
L10	/proj/snic2020-5-486/dbp_gut_microbiome/DataDelivery_2023-01-10_15-17-23_ngisthlm00104/files/P27457/P27457_130/02-FASTQ/221205_A00689_0706_BHYV7CDSX3/P27457_130_S42_L004_R1_001.fastq.gz	/proj/snic2020-5-486/dbp_gut_microbiome/DataDelivery_2023-01-10_15-17-23_ngisthlm00104/files/P27457/P27457_130/02-FASTQ/221205_A00689_0706_BHYV7CDSX3/P27457_130_S42_L004_R2_001.fastq.gz	F1_L	L10/sequence_quality_control/L10_QC_R1.fastq.gz	L10/sequence_quality_control/L10_QC_R2.fastq.gz	L10/sequence_quality_control/L10_QC_se.fastq.gz
C3	/proj/snic2020-5-486/dbp_gut_microbiome/DataDelivery_2023-01-10_15-17-23_ngisthlm00104/files/P27457/P27457_131/02-FASTQ/221205_A00689_0706_BHYV7CDSX3/P27457_131_S43_L004_R1_001.fastq.gz	/proj/snic2020-5-486/dbp_gut_microbiome/DataDelivery_2023-01-10_15-17-23_ngisthlm00104/files/P27457/P27457_131/02-FASTQ/221205_A00689_0706_BHYV7CDSX3/P27457_131_S43_L004_R2_001.fastq.gz	F0_C	C3/sequence_quality_control/C3_QC_R1.fastq.gz	C3/sequence_quality_control/C3_QC_R2.fastq.gz	C3/sequence_quality_control/C3_QC_se.fastq.gz
L8	/proj/snic2020-5-486/dbp_gut_microbiome/DataDelivery_2023-01-10_15-17-23_ngisthlm00104/files/P27457/P27457_132/02-FASTQ/221205_A00689_0706_BHYV7CDSX3/P27457_132_S44_L004_R1_001.fastq.gz	/proj/snic2020-5-486/dbp_gut_microbiome/DataDelivery_2023-01-10_15-17-23_ngisthlm00104/files/P27457/P27457_132/02-FASTQ/221205_A00689_0706_BHYV7CDSX3/P27457_132_S44_L004_R2_001.fastq.gz	F0_L	L8/sequence_quality_control/L8_QC_R1.fastq.gz	L8/sequence_quality_control/L8_QC_R2.fastq.gz	L8/sequence_quality_control/L8_QC_se.fastq.gz
C32	/proj/snic2020-5-486/dbp_gut_microbiome/DataDelivery_2023-01-10_15-17-23_ngisthlm00104/files/P27457/P27457_133/02-FASTQ/221205_A00689_0706_BHYV7CDSX3/P27457_133_S45_L004_R1_001.fastq.gz	/proj/snic2020-5-486/dbp_gut_microbiome/DataDelivery_2023-01-10_15-17-23_ngisthlm00104/files/P27457/P27457_133/02-FASTQ/221205_A00689_0706_BHYV7CDSX3/P27457_133_S45_L004_R2_001.fastq.gz	F2_C	C32/sequence_quality_control/C32_QC_R1.fastq.gz	C32/sequence_quality_control/C32_QC_R2.fastq.gz	C32/sequence_quality_control/C32_QC_se.fastq.gz
C6	/proj/snic2020-5-486/dbp_gut_microbiome/DataDelivery_2023-01-10_15-17-23_ngisthlm00104/files/P27457/P27457_134/02-FASTQ/221205_A00689_0706_BHYV7CDSX3/P27457_134_S46_L004_R1_001.fastq.gz	/proj/snic2020-5-486/dbp_gut_microbiome/DataDelivery_2023-01-10_15-17-23_ngisthlm00104/files/P27457/P27457_134/02-FASTQ/221205_A00689_0706_BHYV7CDSX3/P27457_134_S46_L004_R2_001.fastq.gz	F0_C	C6/sequence_quality_control/C6_QC_R1.fastq.gz	C6/sequence_quality_control/C6_QC_R2.fastq.gz	C6/sequence_quality_control/C6_QC_se.fastq.gz
C15	/proj/snic2020-5-486/dbp_gut_microbiome/DataDelivery_2023-01-10_15-17-23_ngisthlm00104/files/P27457/P27457_135/02-FASTQ/221205_A00689_0706_BHYV7CDSX3/P27457_135_S47_L004_R1_001.fastq.gz	/proj/snic2020-5-486/dbp_gut_microbiome/DataDelivery_2023-01-10_15-17-23_ngisthlm00104/files/P27457/P27457_135/02-FASTQ/221205_A00689_0706_BHYV7CDSX3/P27457_135_S47_L004_R2_001.fastq.gz	F1_C	C15/sequence_quality_control/C15_QC_R1.fastq.gz	C15/sequence_quality_control/C15_QC_R2.fastq.gz	C15/sequence_quality_control/C15_QC_se.fastq.gz
H23	/proj/snic2020-5-486/dbp_gut_microbiome/DataDelivery_2023-01-10_15-17-23_ngisthlm00104/files/P27457/P27457_136/02-FASTQ/221205_A00689_0706_BHYV7CDSX3/P27457_136_S48_L004_R1_001.fastq.gz	/proj/snic2020-5-486/dbp_gut_microbiome/DataDelivery_2023-01-10_15-17-23_ngisthlm00104/files/P27457/P27457_136/02-FASTQ/221205_A00689_0706_BHYV7CDSX3/P27457_136_S48_L004_R2_001.fastq.gz	F2_H	H23/sequence_quality_control/H23_QC_R1.fastq.gz	H23/sequence_quality_control/H23_QC_R2.fastq.gz	H23/sequence_quality_control/H23_QC_se.fastq.gz
C31	/proj/snic2020-5-486/dbp_gut_microbiome/DataDelivery_2023-01-10_15-17-23_ngisthlm00104/files/P27457/P27457_137/02-FASTQ/221205_A00689_0706_BHYV7CDSX3/P27457_137_S49_L004_R1_001.fastq.gz	/proj/snic2020-5-486/dbp_gut_microbiome/DataDelivery_2023-01-10_15-17-23_ngisthlm00104/files/P27457/P27457_137/02-FASTQ/221205_A00689_0706_BHYV7CDSX3/P27457_137_S49_L004_R2_001.fastq.gz	F2_C	C31/sequence_quality_control/C31_QC_R1.fastq.gz	C31/sequence_quality_control/C31_QC_R2.fastq.gz	C31/sequence_quality_control/C31_QC_se.fastq.gz
L4	/proj/snic2020-5-486/dbp_gut_microbiome/DataDelivery_2023-01-10_15-17-23_ngisthlm00104/files/P27457/P27457_138/02-FASTQ/221205_A00689_0706_BHYV7CDSX3/P27457_138_S50_L004_R1_001.fastq.gz	/proj/snic2020-5-486/dbp_gut_microbiome/DataDelivery_2023-01-10_15-17-23_ngisthlm00104/files/P27457/P27457_138/02-FASTQ/221205_A00689_0706_BHYV7CDSX3/P27457_138_S50_L004_R2_001.fastq.gz	F0_L	L4/sequence_quality_control/L4_QC_R1.fastq.gz	L4/sequence_quality_control/L4_QC_R2.fastq.gz	L4/sequence_quality_control/L4_QC_se.fastq.gz
C24	/proj/snic2020-5-486/dbp_gut_microbiome/DataDelivery_2023-01-10_15-17-23_ngisthlm00104/files/P27457/P27457_139/02-FASTQ/221205_A00689_0706_BHYV7CDSX3/P27457_139_S51_L004_R1_001.fastq.gz	/proj/snic2020-5-486/dbp_gut_microbiome/DataDelivery_2023-01-10_15-17-23_ngisthlm00104/files/P27457/P27457_139/02-FASTQ/221205_A00689_0706_BHYV7CDSX3/P27457_139_S51_L004_R2_001.fastq.gz	F2_C	C24/sequence_quality_control/C24_QC_R1.fastq.gz	C24/sequence_quality_control/C24_QC_R2.fastq.gz	C24/sequence_quality_control/C24_QC_se.fastq.gz
C16	/proj/snic2020-5-486/dbp_gut_microbiome/DataDelivery_2023-01-10_15-17-23_ngisthlm00104/files/P27457/P27457_140/02-FASTQ/221205_A00689_0706_BHYV7CDSX3/P27457_140_S52_L004_R1_001.fastq.gz	/proj/snic2020-5-486/dbp_gut_microbiome/DataDelivery_2023-01-10_15-17-23_ngisthlm00104/files/P27457/P27457_140/02-FASTQ/221205_A00689_0706_BHYV7CDSX3/P27457_140_S52_L004_R2_001.fastq.gz	F1_C	C16/sequence_quality_control/C16_QC_R1.fastq.gz	C16/sequence_quality_control/C16_QC_R2.fastq.gz	C16/sequence_quality_control/C16_QC_se.fastq.gz
H16	/proj/snic2020-5-486/dbp_gut_microbiome/DataDelivery_2023-01-10_15-17-23_ngisthlm00104/files/P27457/P27457_141/02-FASTQ/221205_A00689_0706_BHYV7CDSX3/P27457_141_S53_L004_R1_001.fastq.gz	/proj/snic2020-5-486/dbp_gut_microbiome/DataDelivery_2023-01-10_15-17-23_ngisthlm00104/files/P27457/P27457_141/02-FASTQ/221205_A00689_0706_BHYV7CDSX3/P27457_141_S53_L004_R2_001.fastq.gz	F1_H	H16/sequence_quality_control/H16_QC_R1.fastq.gz	H16/sequence_quality_control/H16_QC_R2.fastq.gz	H16/sequence_quality_control/H16_QC_se.fastq.gz
L11	/proj/snic2020-5-486/dbp_gut_microbiome/DataDelivery_2023-01-10_15-17-23_ngisthlm00104/files/P27457/P27457_142/02-FASTQ/221205_A00689_0706_BHYV7CDSX3/P27457_142_S54_L004_R1_001.fastq.gz	/proj/snic2020-5-486/dbp_gut_microbiome/DataDelivery_2023-01-10_15-17-23_ngisthlm00104/files/P27457/P27457_142/02-FASTQ/221205_A00689_0706_BHYV7CDSX3/P27457_142_S54_L004_R2_001.fastq.gz	F1_L	L11/sequence_quality_control/L11_QC_R1.fastq.gz	L11/sequence_quality_control/L11_QC_R2.fastq.gz	L11/sequence_quality_control/L11_QC_se.fastq.gz
C12-t.r	/proj/snic2020-5-486/dbp_gut_microbiome/DataDelivery_2023-01-10_15-17-23_ngisthlm00104/files/P27457/P27457_143/02-FASTQ/221205_A00689_0706_BHYV7CDSX3/P27457_143_S55_L004_R1_001.fastq.gz	/proj/snic2020-5-486/dbp_gut_microbiome/DataDelivery_2023-01-10_15-17-23_ngisthlm00104/files/P27457/P27457_143/02-FASTQ/221205_A00689_0706_BHYV7CDSX3/P27457_143_S55_L004_R2_001.fastq.gz	F1_C	C12-t.r/sequence_quality_control/C12-t.r_QC_R1.fastq.gz	C12-t.r/sequence_quality_control/C12-t.r_QC_R2.fastq.gz	C12-t.r/sequence_quality_control/C12-t.r_QC_se.fastq.gz
L1	/proj/snic2020-5-486/dbp_gut_microbiome/DataDelivery_2023-01-10_15-17-23_ngisthlm00104/files/P27457/P27457_144/02-FASTQ/221205_A00689_0706_BHYV7CDSX3/P27457_144_S56_L004_R1_001.fastq.gz	/proj/snic2020-5-486/dbp_gut_microbiome/DataDelivery_2023-01-10_15-17-23_ngisthlm00104/files/P27457/P27457_144/02-FASTQ/221205_A00689_0706_BHYV7CDSX3/P27457_144_S56_L004_R2_001.fastq.gz	F0_L	L1/sequence_quality_control/L1_QC_R1.fastq.gz	L1/sequence_quality_control/L1_QC_R2.fastq.gz	L1/sequence_quality_control/L1_QC_se.fastq.gz
H11	/proj/snic2020-5-486/dbp_gut_microbiome/DataDelivery_2023-01-10_15-17-23_ngisthlm00104/files/P27457/P27457_145/02-FASTQ/221205_A00689_0706_BHYV7CDSX3/P27457_145_S57_L004_R1_001.fastq.gz	/proj/snic2020-5-486/dbp_gut_microbiome/DataDelivery_2023-01-10_15-17-23_ngisthlm00104/files/P27457/P27457_145/02-FASTQ/221205_A00689_0706_BHYV7CDSX3/P27457_145_S57_L004_R2_001.fastq.gz	F0_H	H11/sequence_quality_control/H11_QC_R1.fastq.gz	H11/sequence_quality_control/H11_QC_R2.fastq.gz	H11/sequence_quality_control/H11_QC_se.fastq.gz
C22	/proj/snic2020-5-486/dbp_gut_microbiome/DataDelivery_2023-01-10_15-17-23_ngisthlm00104/files/P27457/P27457_146/02-FASTQ/221205_A00689_0706_BHYV7CDSX3/P27457_146_S58_L004_R1_001.fastq.gz	/proj/snic2020-5-486/dbp_gut_microbiome/DataDelivery_2023-01-10_15-17-23_ngisthlm00104/files/P27457/P27457_146/02-FASTQ/221205_A00689_0706_BHYV7CDSX3/P27457_146_S58_L004_R2_001.fastq.gz	F2_C	C22/sequence_quality_control/C22_QC_R1.fastq.gz	C22/sequence_quality_control/C22_QC_R2.fastq.gz	C22/sequence_quality_control/C22_QC_se.fastq.gz
C29	/proj/snic2020-5-486/dbp_gut_microbiome/DataDelivery_2023-01-10_15-17-23_ngisthlm00104/files/P27457/P27457_147/02-FASTQ/221205_A00689_0706_BHYV7CDSX3/P27457_147_S59_L004_R1_001.fastq.gz	/proj/snic2020-5-486/dbp_gut_microbiome/DataDelivery_2023-01-10_15-17-23_ngisthlm00104/files/P27457/P27457_147/02-FASTQ/221205_A00689_0706_BHYV7CDSX3/P27457_147_S59_L004_R2_001.fastq.gz	F2_C	C29/sequence_quality_control/C29_QC_R1.fastq.gz	C29/sequence_quality_control/C29_QC_R2.fastq.gz	C29/sequence_quality_control/C29_QC_se.fastq.gz
C28	/proj/snic2020-5-486/dbp_gut_microbiome/DataDelivery_2023-01-10_15-17-23_ngisthlm00104/files/P27457/P27457_148/02-FASTQ/221205_A00689_0706_BHYV7CDSX3/P27457_148_S60_L004_R1_001.fastq.gz	/proj/snic2020-5-486/dbp_gut_microbiome/DataDelivery_2023-01-10_15-17-23_ngisthlm00104/files/P27457/P27457_148/02-FASTQ/221205_A00689_0706_BHYV7CDSX3/P27457_148_S60_L004_R2_001.fastq.gz	F2_C	C28/sequence_quality_control/C28_QC_R1.fastq.gz	C28/sequence_quality_control/C28_QC_R2.fastq.gz	C28/sequence_quality_control/C28_QC_se.fastq.gz
H14	/proj/snic2020-5-486/dbp_gut_microbiome/DataDelivery_2023-01-10_15-17-23_ngisthlm00104/files/P27457/P27457_149/02-FASTQ/221205_A00689_0706_BHYV7CDSX3/P27457_149_S61_L004_R1_001.fastq.gz	/proj/snic2020-5-486/dbp_gut_microbiome/DataDelivery_2023-01-10_15-17-23_ngisthlm00104/files/P27457/P27457_149/02-FASTQ/221205_A00689_0706_BHYV7CDSX3/P27457_149_S61_L004_R2_001.fastq.gz	F1_H	H14/sequence_quality_control/H14_QC_R1.fastq.gz	H14/sequence_quality_control/H14_QC_R2.fastq.gz	H14/sequence_quality_control/H14_QC_se.fastq.gz
C26	/proj/snic2020-5-486/dbp_gut_microbiome/DataDelivery_2023-01-10_15-17-23_ngisthlm00104/files/P27457/P27457_150/02-FASTQ/221205_A00689_0706_BHYV7CDSX3/P27457_150_S62_L004_R1_001.fastq.gz	/proj/snic2020-5-486/dbp_gut_microbiome/DataDelivery_2023-01-10_15-17-23_ngisthlm00104/files/P27457/P27457_150/02-FASTQ/221205_A00689_0706_BHYV7CDSX3/P27457_150_S62_L004_R2_001.fastq.gz	F2_C	C26/sequence_quality_control/C26_QC_R1.fastq.gz	C26/sequence_quality_control/C26_QC_R2.fastq.gz	C26/sequence_quality_control/C26_QC_se.fastq.gz
H22	/proj/snic2020-5-486/dbp_gut_microbiome/DataDelivery_2023-01-10_15-17-23_ngisthlm00104/files/P27457/P27457_151/02-FASTQ/221205_A00689_0706_BHYV7CDSX3/P27457_151_S63_L004_R1_001.fastq.gz	/proj/snic2020-5-486/dbp_gut_microbiome/DataDelivery_2023-01-10_15-17-23_ngisthlm00104/files/P27457/P27457_151/02-FASTQ/221205_A00689_0706_BHYV7CDSX3/P27457_151_S63_L004_R2_001.fastq.gz	F2_H	H22/sequence_quality_control/H22_QC_R1.fastq.gz	H22/sequence_quality_control/H22_QC_R2.fastq.gz	H22/sequence_quality_control/H22_QC_se.fastq.gz
L26	/proj/snic2020-5-486/dbp_gut_microbiome/DataDelivery_2023-01-10_15-17-23_ngisthlm00104/files/P27457/P27457_152/02-FASTQ/221205_A00689_0706_BHYV7CDSX3/P27457_152_S64_L004_R1_001.fastq.gz	/proj/snic2020-5-486/dbp_gut_microbiome/DataDelivery_2023-01-10_15-17-23_ngisthlm00104/files/P27457/P27457_152/02-FASTQ/221205_A00689_0706_BHYV7CDSX3/P27457_152_S64_L004_R2_001.fastq.gz	F2_L	L26/sequence_quality_control/L26_QC_R1.fastq.gz	L26/sequence_quality_control/L26_QC_R2.fastq.gz	L26/sequence_quality_control/L26_QC_se.fastq.gz
C1	/proj/snic2020-5-486/dbp_gut_microbiome/DataDelivery_2023-01-10_15-17-23_ngisthlm00104/files/P27457/P27457_153/02-FASTQ/221205_A00689_0706_BHYV7CDSX3/P27457_153_S65_L004_R1_001.fastq.gz	/proj/snic2020-5-486/dbp_gut_microbiome/DataDelivery_2023-01-10_15-17-23_ngisthlm00104/files/P27457/P27457_153/02-FASTQ/221205_A00689_0706_BHYV7CDSX3/P27457_153_S65_L004_R2_001.fastq.gz	F0_C	C1/sequence_quality_control/C1_QC_R1.fastq.gz	C1/sequence_quality_control/C1_QC_R2.fastq.gz	C1/sequence_quality_control/C1_QC_se.fastq.gz
H10	/proj/snic2020-5-486/dbp_gut_microbiome/DataDelivery_2023-01-10_15-17-23_ngisthlm00104/files/P27457/P27457_154/02-FASTQ/221205_A00689_0706_BHYV7CDSX3/P27457_154_S66_L004_R1_001.fastq.gz	/proj/snic2020-5-486/dbp_gut_microbiome/DataDelivery_2023-01-10_15-17-23_ngisthlm00104/files/P27457/P27457_154/02-FASTQ/221205_A00689_0706_BHYV7CDSX3/P27457_154_S66_L004_R2_001.fastq.gz	F0_H	H10/sequence_quality_control/H10_QC_R1.fastq.gz	H10/sequence_quality_control/H10_QC_R2.fastq.gz	H10/sequence_quality_control/H10_QC_se.fastq.gz
C7	/proj/snic2020-5-486/dbp_gut_microbiome/DataDelivery_2023-01-10_15-17-23_ngisthlm00104/files/P27457/P27457_155/02-FASTQ/221205_A00689_0706_BHYV7CDSX3/P27457_155_S67_L004_R1_001.fastq.gz	/proj/snic2020-5-486/dbp_gut_microbiome/DataDelivery_2023-01-10_15-17-23_ngisthlm00104/files/P27457/P27457_155/02-FASTQ/221205_A00689_0706_BHYV7CDSX3/P27457_155_S67_L004_R2_001.fastq.gz	F0_C	C7/sequence_quality_control/C7_QC_R1.fastq.gz	C7/sequence_quality_control/C7_QC_R2.fastq.gz	C7/sequence_quality_control/C7_QC_se.fastq.gz
C11	/proj/snic2020-5-486/dbp_gut_microbiome/DataDelivery_2023-01-10_15-17-23_ngisthlm00104/files/P27457/P27457_156/02-FASTQ/221205_A00689_0706_BHYV7CDSX3/P27457_156_S68_L004_R1_001.fastq.gz	/proj/snic2020-5-486/dbp_gut_microbiome/DataDelivery_2023-01-10_15-17-23_ngisthlm00104/files/P27457/P27457_156/02-FASTQ/221205_A00689_0706_BHYV7CDSX3/P27457_156_S68_L004_R2_001.fastq.gz	F0_C	C11/sequence_quality_control/C11_QC_R1.fastq.gz	C11/sequence_quality_control/C11_QC_R2.fastq.gz	C11/sequence_quality_control/C11_QC_se.fastq.gz
L22	/proj/snic2020-5-486/dbp_gut_microbiome/DataDelivery_2023-01-10_15-17-23_ngisthlm00104/files/P27457/P27457_157/02-FASTQ/221205_A00689_0706_BHYV7CDSX3/P27457_157_S69_L004_R1_001.fastq.gz	/proj/snic2020-5-486/dbp_gut_microbiome/DataDelivery_2023-01-10_15-17-23_ngisthlm00104/files/P27457/P27457_157/02-FASTQ/221205_A00689_0706_BHYV7CDSX3/P27457_157_S69_L004_R2_001.fastq.gz	F2_L			
L2	/proj/snic2020-5-486/dbp_gut_microbiome/DataDelivery_2023-01-10_15-17-23_ngisthlm00104/files/P27457/P27457_158/02-FASTQ/221205_A00689_0706_BHYV7CDSX3/P27457_158_S70_L004_R1_001.fastq.gz	/proj/snic2020-5-486/dbp_gut_microbiome/DataDelivery_2023-01-10_15-17-23_ngisthlm00104/files/P27457/P27457_158/02-FASTQ/221205_A00689_0706_BHYV7CDSX3/P27457_158_S70_L004_R2_001.fastq.gz	F0_L	L2/sequence_quality_control/L2_QC_R1.fastq.gz	L2/sequence_quality_control/L2_QC_R2.fastq.gz	L2/sequence_quality_control/L2_QC_se.fastq.gz
H28	/proj/snic2020-5-486/dbp_gut_microbiome/DataDelivery_2023-01-10_15-17-23_ngisthlm00104/files/P27457/P27457_159/02-FASTQ/221205_A00689_0706_BHYV7CDSX3/P27457_159_S71_L004_R1_001.fastq.gz	/proj/snic2020-5-486/dbp_gut_microbiome/DataDelivery_2023-01-10_15-17-23_ngisthlm00104/files/P27457/P27457_159/02-FASTQ/221205_A00689_0706_BHYV7CDSX3/P27457_159_S71_L004_R2_001.fastq.gz	F2_H	H28/sequence_quality_control/H28_QC_R1.fastq.gz	H28/sequence_quality_control/H28_QC_R2.fastq.gz	H28/sequence_quality_control/H28_QC_se.fastq.gz
L15	/proj/snic2020-5-486/dbp_gut_microbiome/DataDelivery_2023-01-10_15-17-23_ngisthlm00104/files/P27457/P27457_160/02-FASTQ/221205_A00689_0706_BHYV7CDSX3/P27457_160_S72_L004_R1_001.fastq.gz	/proj/snic2020-5-486/dbp_gut_microbiome/DataDelivery_2023-01-10_15-17-23_ngisthlm00104/files/P27457/P27457_160/02-FASTQ/221205_A00689_0706_BHYV7CDSX3/P27457_160_S72_L004_R2_001.fastq.gz	F2_L	L15/sequence_quality_control/L15_QC_R1.fastq.gz	L15/sequence_quality_control/L15_QC_R2.fastq.gz	L15/sequence_quality_control/L15_QC_se.fastq.gz
H15	/proj/snic2020-5-486/dbp_gut_microbiome/DataDelivery_2023-01-10_15-17-23_ngisthlm00104/files/P27457/P27457_161/02-FASTQ/221205_A00689_0706_BHYV7CDSX3/P27457_161_S73_L004_R1_001.fastq.gz	/proj/snic2020-5-486/dbp_gut_microbiome/DataDelivery_2023-01-10_15-17-23_ngisthlm00104/files/P27457/P27457_161/02-FASTQ/221205_A00689_0706_BHYV7CDSX3/P27457_161_S73_L004_R2_001.fastq.gz	F1_H	H15/sequence_quality_control/H15_QC_R1.fastq.gz	H15/sequence_quality_control/H15_QC_R2.fastq.gz	H15/sequence_quality_control/H15_QC_se.fastq.gz
C17	/proj/snic2020-5-486/dbp_gut_microbiome/DataDelivery_2023-01-10_15-17-23_ngisthlm00104/files/P27457/P27457_162/02-FASTQ/221205_A00689_0706_BHYV7CDSX3/P27457_162_S74_L004_R1_001.fastq.gz	/proj/snic2020-5-486/dbp_gut_microbiome/DataDelivery_2023-01-10_15-17-23_ngisthlm00104/files/P27457/P27457_162/02-FASTQ/221205_A00689_0706_BHYV7CDSX3/P27457_162_S74_L004_R2_001.fastq.gz	F1_C	C17/sequence_quality_control/C17_QC_R1.fastq.gz	C17/sequence_quality_control/C17_QC_R2.fastq.gz	C17/sequence_quality_control/C17_QC_se.fastq.gz
C21	/proj/snic2020-5-486/dbp_gut_microbiome/DataDelivery_2023-01-10_15-17-23_ngisthlm00104/files/P27457/P27457_163/02-FASTQ/221205_A00689_0706_BHYV7CDSX3/P27457_163_S75_L004_R1_001.fastq.gz	/proj/snic2020-5-486/dbp_gut_microbiome/DataDelivery_2023-01-10_15-17-23_ngisthlm00104/files/P27457/P27457_163/02-FASTQ/221205_A00689_0706_BHYV7CDSX3/P27457_163_S75_L004_R2_001.fastq.gz	F2_C	C21/sequence_quality_control/C21_QC_R1.fastq.gz	C21/sequence_quality_control/C21_QC_R2.fastq.gz	C21/sequence_quality_control/C21_QC_se.fastq.gz
C18	/proj/snic2020-5-486/dbp_gut_microbiome/DataDelivery_2023-01-10_15-17-23_ngisthlm00104/files/P27457/P27457_164/02-FASTQ/221205_A00689_0706_BHYV7CDSX3/P27457_164_S76_L004_R1_001.fastq.gz	/proj/snic2020-5-486/dbp_gut_microbiome/DataDelivery_2023-01-10_15-17-23_ngisthlm00104/files/P27457/P27457_164/02-FASTQ/221205_A00689_0706_BHYV7CDSX3/P27457_164_S76_L004_R2_001.fastq.gz	F1_C	C18/sequence_quality_control/C18_QC_R1.fastq.gz	C18/sequence_quality_control/C18_QC_R2.fastq.gz	C18/sequence_quality_control/C18_QC_se.fastq.gz
L29-t.r	/proj/snic2020-5-486/dbp_gut_microbiome/DataDelivery_2023-01-10_15-17-23_ngisthlm00104/files/P27457/P27457_165/02-FASTQ/221205_A00689_0706_BHYV7CDSX3/P27457_165_S77_L004_R1_001.fastq.gz	/proj/snic2020-5-486/dbp_gut_microbiome/DataDelivery_2023-01-10_15-17-23_ngisthlm00104/files/P27457/P27457_165/02-FASTQ/221205_A00689_0706_BHYV7CDSX3/P27457_165_S77_L004_R2_001.fastq.gz	F2_L	L29-t.r/sequence_quality_control/L29-t.r_QC_R1.fastq.gz	L29-t.r/sequence_quality_control/L29-t.r_QC_R2.fastq.gz	L29-t.r/sequence_quality_control/L29-t.r_QC_se.fastq.gz
L12	/proj/snic2020-5-486/dbp_gut_microbiome/DataDelivery_2023-01-10_15-17-23_ngisthlm00104/files/P27457/P27457_166/02-FASTQ/221205_A00689_0706_BHYV7CDSX3/P27457_166_S78_L004_R1_001.fastq.gz	/proj/snic2020-5-486/dbp_gut_microbiome/DataDelivery_2023-01-10_15-17-23_ngisthlm00104/files/P27457/P27457_166/02-FASTQ/221205_A00689_0706_BHYV7CDSX3/P27457_166_S78_L004_R2_001.fastq.gz	F1_L	L12/sequence_quality_control/L12_QC_R1.fastq.gz	L12/sequence_quality_control/L12_QC_R2.fastq.gz	L12/sequence_quality_control/L12_QC_se.fastq.gz
H1	/proj/snic2020-5-486/dbp_gut_microbiome/DataDelivery_2023-01-10_15-17-23_ngisthlm00104/files/P27457/P27457_167/02-FASTQ/221205_A00689_0706_BHYV7CDSX3/P27457_167_S79_L004_R1_001.fastq.gz	/proj/snic2020-5-486/dbp_gut_microbiome/DataDelivery_2023-01-10_15-17-23_ngisthlm00104/files/P27457/P27457_167/02-FASTQ/221205_A00689_0706_BHYV7CDSX3/P27457_167_S79_L004_R2_001.fastq.gz	F0_H	H1/sequence_quality_control/H1_QC_R1.fastq.gz	H1/sequence_quality_control/H1_QC_R2.fastq.gz	H1/sequence_quality_control/H1_QC_se.fastq.gz
H26	/proj/snic2020-5-486/dbp_gut_microbiome/DataDelivery_2023-01-10_15-17-23_ngisthlm00104/files/P27457/P27457_168/02-FASTQ/221205_A00689_0706_BHYV7CDSX3/P27457_168_S80_L004_R1_001.fastq.gz	/proj/snic2020-5-486/dbp_gut_microbiome/DataDelivery_2023-01-10_15-17-23_ngisthlm00104/files/P27457/P27457_168/02-FASTQ/221205_A00689_0706_BHYV7CDSX3/P27457_168_S80_L004_R2_001.fastq.gz	F2_H	H26/sequence_quality_control/H26_QC_R1.fastq.gz	H26/sequence_quality_control/H26_QC_R2.fastq.gz	H26/sequence_quality_control/H26_QC_se.fastq.gz
C10	/proj/snic2020-5-486/dbp_gut_microbiome/DataDelivery_2023-01-10_15-17-23_ngisthlm00104/files/P27457/P27457_169/02-FASTQ/221205_A00689_0706_BHYV7CDSX3/P27457_169_S81_L004_R1_001.fastq.gz	/proj/snic2020-5-486/dbp_gut_microbiome/DataDelivery_2023-01-10_15-17-23_ngisthlm00104/files/P27457/P27457_169/02-FASTQ/221205_A00689_0706_BHYV7CDSX3/P27457_169_S81_L004_R2_001.fastq.gz	F0_C	C10/sequence_quality_control/C10_QC_R1.fastq.gz	C10/sequence_quality_control/C10_QC_R2.fastq.gz	C10/sequence_quality_control/C10_QC_se.fastq.gz
H33	/proj/snic2020-5-486/dbp_gut_microbiome/DataDelivery_2023-01-10_15-17-23_ngisthlm00104/files/P27457/P27457_170/02-FASTQ/221205_A00689_0706_BHYV7CDSX3/P27457_170_S82_L004_R1_001.fastq.gz	/proj/snic2020-5-486/dbp_gut_microbiome/DataDelivery_2023-01-10_15-17-23_ngisthlm00104/files/P27457/P27457_170/02-FASTQ/221205_A00689_0706_BHYV7CDSX3/P27457_170_S82_L004_R2_001.fastq.gz	F2_H	H33/sequence_quality_control/H33_QC_R1.fastq.gz	H33/sequence_quality_control/H33_QC_R2.fastq.gz	H33/sequence_quality_control/H33_QC_se.fastq.gz
C34	/proj/snic2020-5-486/dbp_gut_microbiome/DataDelivery_2023-01-10_15-17-23_ngisthlm00104/files/P27457/P27457_171/02-FASTQ/221205_A00689_0706_BHYV7CDSX3/P27457_171_S83_L004_R1_001.fastq.gz	/proj/snic2020-5-486/dbp_gut_microbiome/DataDelivery_2023-01-10_15-17-23_ngisthlm00104/files/P27457/P27457_171/02-FASTQ/221205_A00689_0706_BHYV7CDSX3/P27457_171_S83_L004_R2_001.fastq.gz	F2_C	C34/sequence_quality_control/C34_QC_R1.fastq.gz	C34/sequence_quality_control/C34_QC_R2.fastq.gz	C34/sequence_quality_control/C34_QC_se.fastq.gz
H18	/proj/snic2020-5-486/dbp_gut_microbiome/DataDelivery_2023-01-10_15-17-23_ngisthlm00104/files/P27457/P27457_172/02-FASTQ/221205_A00689_0706_BHYV7CDSX3/P27457_172_S84_L004_R1_001.fastq.gz	/proj/snic2020-5-486/dbp_gut_microbiome/DataDelivery_2023-01-10_15-17-23_ngisthlm00104/files/P27457/P27457_172/02-FASTQ/221205_A00689_0706_BHYV7CDSX3/P27457_172_S84_L004_R2_001.fastq.gz	F1_H	H18/sequence_quality_control/H18_QC_R1.fastq.gz	H18/sequence_quality_control/H18_QC_R2.fastq.gz	H18/sequence_quality_control/H18_QC_se.fastq.gz
C8	/proj/snic2020-5-486/dbp_gut_microbiome/DataDelivery_2023-01-10_15-17-23_ngisthlm00104/files/P27457/P27457_173/02-FASTQ/221205_A00689_0706_BHYV7CDSX3/P27457_173_S85_L004_R1_001.fastq.gz	/proj/snic2020-5-486/dbp_gut_microbiome/DataDelivery_2023-01-10_15-17-23_ngisthlm00104/files/P27457/P27457_173/02-FASTQ/221205_A00689_0706_BHYV7CDSX3/P27457_173_S85_L004_R2_001.fastq.gz	F0_C	C8/sequence_quality_control/C8_QC_R1.fastq.gz	C8/sequence_quality_control/C8_QC_R2.fastq.gz	C8/sequence_quality_control/C8_QC_se.fastq.gz
C9	/proj/snic2020-5-486/dbp_gut_microbiome/DataDelivery_2023-01-10_15-17-23_ngisthlm00104/files/P27457/P27457_174/02-FASTQ/221205_A00689_0706_BHYV7CDSX3/P27457_174_S86_L004_R1_001.fastq.gz	/proj/snic2020-5-486/dbp_gut_microbiome/DataDelivery_2023-01-10_15-17-23_ngisthlm00104/files/P27457/P27457_174/02-FASTQ/221205_A00689_0706_BHYV7CDSX3/P27457_174_S86_L004_R2_001.fastq.gz	F0_C	C9/sequence_quality_control/C9_QC_R1.fastq.gz	C9/sequence_quality_control/C9_QC_R2.fastq.gz	C9/sequence_quality_control/C9_QC_se.fastq.gz
H32	/proj/snic2020-5-486/dbp_gut_microbiome/DataDelivery_2023-01-10_15-17-23_ngisthlm00104/files/P27457/P27457_175/02-FASTQ/221205_A00689_0706_BHYV7CDSX3/P27457_175_S87_L004_R1_001.fastq.gz	/proj/snic2020-5-486/dbp_gut_microbiome/DataDelivery_2023-01-10_15-17-23_ngisthlm00104/files/P27457/P27457_175/02-FASTQ/221205_A00689_0706_BHYV7CDSX3/P27457_175_S87_L004_R2_001.fastq.gz	F2_H	H32/sequence_quality_control/H32_QC_R1.fastq.gz	H32/sequence_quality_control/H32_QC_R2.fastq.gz	H32/sequence_quality_control/H32_QC_se.fastq.gz
H9	/proj/snic2020-5-486/dbp_gut_microbiome/DataDelivery_2023-01-10_15-17-23_ngisthlm00104/files/P27457/P27457_176/02-FASTQ/221205_A00689_0706_BHYV7CDSX3/P27457_176_S88_L004_R1_001.fastq.gz	/proj/snic2020-5-486/dbp_gut_microbiome/DataDelivery_2023-01-10_15-17-23_ngisthlm00104/files/P27457/P27457_176/02-FASTQ/221205_A00689_0706_BHYV7CDSX3/P27457_176_S88_L004_R2_001.fastq.gz	F0_H	H9/sequence_quality_control/H9_QC_R1.fastq.gz	H9/sequence_quality_control/H9_QC_R2.fastq.gz	H9/sequence_quality_control/H9_QC_se.fastq.gz
H34	/proj/snic2020-5-486/dbp_gut_microbiome/DataDelivery_2023-01-10_15-17-23_ngisthlm00104/files/P27457/P27457_177/02-FASTQ/221205_A00689_0706_BHYV7CDSX3/P27457_177_S89_L004_R1_001.fastq.gz	/proj/snic2020-5-486/dbp_gut_microbiome/DataDelivery_2023-01-10_15-17-23_ngisthlm00104/files/P27457/P27457_177/02-FASTQ/221205_A00689_0706_BHYV7CDSX3/P27457_177_S89_L004_R2_001.fastq.gz	F2_H	H34/sequence_quality_control/H34_QC_R1.fastq.gz	H34/sequence_quality_control/H34_QC_R2.fastq.gz	H34/sequence_quality_control/H34_QC_se.fastq.gz
L7	/proj/snic2020-5-486/dbp_gut_microbiome/DataDelivery_2023-01-10_15-17-23_ngisthlm00104/files/P27457/P27457_178/02-FASTQ/221205_A00689_0706_BHYV7CDSX3/P27457_178_S90_L004_R1_001.fastq.gz	/proj/snic2020-5-486/dbp_gut_microbiome/DataDelivery_2023-01-10_15-17-23_ngisthlm00104/files/P27457/P27457_178/02-FASTQ/221205_A00689_0706_BHYV7CDSX3/P27457_178_S90_L004_R2_001.fastq.gz	F0_L	L7/sequence_quality_control/L7_QC_R1.fastq.gz	L7/sequence_quality_control/L7_QC_R2.fastq.gz	L7/sequence_quality_control/L7_QC_se.fastq.gz
C2	/proj/snic2020-5-486/dbp_gut_microbiome/DataDelivery_2023-01-10_15-17-23_ngisthlm00104/files/P27457/P27457_179/02-FASTQ/221205_A00689_0706_BHYV7CDSX3/P27457_179_S91_L004_R1_001.fastq.gz	/proj/snic2020-5-486/dbp_gut_microbiome/DataDelivery_2023-01-10_15-17-23_ngisthlm00104/files/P27457/P27457_179/02-FASTQ/221205_A00689_0706_BHYV7CDSX3/P27457_179_S91_L004_R2_001.fastq.gz	F0_C	C2/sequence_quality_control/C2_QC_R1.fastq.gz	C2/sequence_quality_control/C2_QC_R2.fastq.gz	C2/sequence_quality_control/C2_QC_se.fastq.gz
C5	/proj/snic2020-5-486/dbp_gut_microbiome/DataDelivery_2023-01-10_15-17-23_ngisthlm00104/files/P27457/P27457_180/02-FASTQ/221205_A00689_0706_BHYV7CDSX3/P27457_180_S92_L004_R1_001.fastq.gz	/proj/snic2020-5-486/dbp_gut_microbiome/DataDelivery_2023-01-10_15-17-23_ngisthlm00104/files/P27457/P27457_180/02-FASTQ/221205_A00689_0706_BHYV7CDSX3/P27457_180_S92_L004_R2_001.fastq.gz	F0_C	C5/sequence_quality_control/C5_QC_R1.fastq.gz	C5/sequence_quality_control/C5_QC_R2.fastq.gz	C5/sequence_quality_control/C5_QC_se.fastq.gz
L21	/proj/snic2020-5-486/dbp_gut_microbiome/DataDelivery_2023-01-10_15-17-23_ngisthlm00104/files/P27457/P27457_181/02-FASTQ/221205_A00689_0706_BHYV7CDSX3/P27457_181_S93_L004_R1_001.fastq.gz	/proj/snic2020-5-486/dbp_gut_microbiome/DataDelivery_2023-01-10_15-17-23_ngisthlm00104/files/P27457/P27457_181/02-FASTQ/221205_A00689_0706_BHYV7CDSX3/P27457_181_S93_L004_R2_001.fastq.gz	F2_L	L21/sequence_quality_control/L21_QC_R1.fastq.gz	L21/sequence_quality_control/L21_QC_R2.fastq.gz	L21/sequence_quality_control/L21_QC_se.fastq.gz
H6	/proj/snic2020-5-486/dbp_gut_microbiome/DataDelivery_2023-01-10_15-17-23_ngisthlm00104/files/P27457/P27457_183/02-FASTQ/221205_A00689_0706_BHYV7CDSX3/P27457_183_S95_L004_R1_001.fastq.gz	/proj/snic2020-5-486/dbp_gut_microbiome/DataDelivery_2023-01-10_15-17-23_ngisthlm00104/files/P27457/P27457_183/02-FASTQ/221205_A00689_0706_BHYV7CDSX3/P27457_183_S95_L004_R2_001.fastq.gz	F0_H	H6/sequence_quality_control/H6_QC_R1.fastq.gz	H6/sequence_quality_control/H6_QC_R2.fastq.gz	H6/sequence_quality_control/H6_QC_se.fastq.gz
H10-t.r	/proj/snic2020-5-486/dbp_gut_microbiome/DataDelivery_2023-01-10_15-17-23_ngisthlm00104/files/P27457/P27457_184/02-FASTQ/221205_A00689_0706_BHYV7CDSX3/P27457_184_S96_L004_R1_001.fastq.gz	/proj/snic2020-5-486/dbp_gut_microbiome/DataDelivery_2023-01-10_15-17-23_ngisthlm00104/files/P27457/P27457_184/02-FASTQ/221205_A00689_0706_BHYV7CDSX3/P27457_184_S96_L004_R2_001.fastq.gz	F0_H	H10-t.r/sequence_quality_control/H10-t.r_QC_R1.fastq.gz	H10-t.r/sequence_quality_control/H10-t.r_QC_R2.fastq.gz	H10-t.r/sequence_quality_control/H10-t.r_QC_se.fastq.gz
H3	/proj/snic2020-5-486/dbp_gut_microbiome/DataDelivery_2023-01-10_15-17-23_ngisthlm00104/files/P27457/P27457_185/02-FASTQ/221205_A00689_0706_BHYV7CDSX3/P27457_185_S97_L004_R1_001.fastq.gz	/proj/snic2020-5-486/dbp_gut_microbiome/DataDelivery_2023-01-10_15-17-23_ngisthlm00104/files/P27457/P27457_185/02-FASTQ/221205_A00689_0706_BHYV7CDSX3/P27457_185_S97_L004_R2_001.fastq.gz	F0_H	H3/sequence_quality_control/H3_QC_R1.fastq.gz	H3/sequence_quality_control/H3_QC_R2.fastq.gz	H3/sequence_quality_control/H3_QC_se.fastq.gz
L13	/proj/snic2020-5-486/dbp_gut_microbiome/DataDelivery_2023-01-10_15-17-23_ngisthlm00104/files/P27457/P27457_186/02-FASTQ/221205_A00689_0706_BHYV7CDSX3/P27457_186_S98_L004_R1_001.fastq.gz	/proj/snic2020-5-486/dbp_gut_microbiome/DataDelivery_2023-01-10_15-17-23_ngisthlm00104/files/P27457/P27457_186/02-FASTQ/221205_A00689_0706_BHYV7CDSX3/P27457_186_S98_L004_R2_001.fastq.gz	F1_L	L13/sequence_quality_control/L13_QC_R1.fastq.gz	L13/sequence_quality_control/L13_QC_R2.fastq.gz	L13/sequence_quality_control/L13_QC_se.fastq.gz
L16	/proj/snic2020-5-486/dbp_gut_microbiome/DataDelivery_2023-01-10_15-17-23_ngisthlm00104/files/P27457/P27457_187/02-FASTQ/221205_A00689_0706_BHYV7CDSX3/P27457_187_S99_L004_R1_001.fastq.gz	/proj/snic2020-5-486/dbp_gut_microbiome/DataDelivery_2023-01-10_15-17-23_ngisthlm00104/files/P27457/P27457_187/02-FASTQ/221205_A00689_0706_BHYV7CDSX3/P27457_187_S99_L004_R2_001.fastq.gz	F2_L	L16/sequence_quality_control/L16_QC_R1.fastq.gz	L16/sequence_quality_control/L16_QC_R2.fastq.gz	L16/sequence_quality_control/L16_QC_se.fastq.gz
L14	/proj/snic2020-5-486/dbp_gut_microbiome/DataDelivery_2023-01-10_15-17-23_ngisthlm00104/files/P27457/P27457_188/02-FASTQ/221205_A00689_0706_BHYV7CDSX3/P27457_188_S100_L004_R1_001.fastq.gz	/proj/snic2020-5-486/dbp_gut_microbiome/DataDelivery_2023-01-10_15-17-23_ngisthlm00104/files/P27457/P27457_188/02-FASTQ/221205_A00689_0706_BHYV7CDSX3/P27457_188_S100_L004_R2_001.fastq.gz	F1_L	L14/sequence_quality_control/L14_QC_R1.fastq.gz	L14/sequence_quality_control/L14_QC_R2.fastq.gz	L14/sequence_quality_control/L14_QC_se.fastq.gz
H4	/proj/snic2020-5-486/dbp_gut_microbiome/DataDelivery_2023-01-10_15-17-23_ngisthlm00104/files/P27457/P27457_189/02-FASTQ/221205_A00689_0706_BHYV7CDSX3/P27457_189_S101_L004_R1_001.fastq.gz	/proj/snic2020-5-486/dbp_gut_microbiome/DataDelivery_2023-01-10_15-17-23_ngisthlm00104/files/P27457/P27457_189/02-FASTQ/221205_A00689_0706_BHYV7CDSX3/P27457_189_S101_L004_R2_001.fastq.gz	F0_H	H4/sequence_quality_control/H4_QC_R1.fastq.gz	H4/sequence_quality_control/H4_QC_R2.fastq.gz	H4/sequence_quality_control/H4_QC_se.fastq.gz
H17	/proj/snic2020-5-486/dbp_gut_microbiome/DataDelivery_2023-01-10_15-17-23_ngisthlm00104/files/P27457/P27457_190/02-FASTQ/221205_A00689_0706_BHYV7CDSX3/P27457_190_S102_L004_R1_001.fastq.gz	/proj/snic2020-5-486/dbp_gut_microbiome/DataDelivery_2023-01-10_15-17-23_ngisthlm00104/files/P27457/P27457_190/02-FASTQ/221205_A00689_0706_BHYV7CDSX3/P27457_190_S102_L004_R2_001.fastq.gz	F1_H	H17/sequence_quality_control/H17_QC_R1.fastq.gz	H17/sequence_quality_control/H17_QC_R2.fastq.gz	H17/sequence_quality_control/H17_QC_se.fastq.gz
L11-t.r	/proj/snic2020-5-486/dbp_gut_microbiome/DataDelivery_2023-01-10_15-17-23_ngisthlm00104/files/P27457/P27457_201/02-FASTQ/221205_A00689_0706_BHYV7CDSX3/P27457_201_S105_L004_R1_001.fastq.gz	/proj/snic2020-5-486/dbp_gut_microbiome/DataDelivery_2023-01-10_15-17-23_ngisthlm00104/files/P27457/P27457_201/02-FASTQ/221205_A00689_0706_BHYV7CDSX3/P27457_201_S105_L004_R2_001.fastq.gz	F1_L	L11-t.r/sequence_quality_control/L11-t.r_QC_R1.fastq.gz	L11-t.r/sequence_quality_control/L11-t.r_QC_R2.fastq.gz	L11-t.r/sequence_quality_control/L11-t.r_QC_se.fastq.gz
H30	/proj/snic2020-5-486/dbp_gut_microbiome/DataDelivery_2023-01-10_15-17-23_ngisthlm00104/files/P27457/P27457_202/02-FASTQ/221205_A00689_0706_BHYV7CDSX3/P27457_202_S106_L004_R1_001.fastq.gz	/proj/snic2020-5-486/dbp_gut_microbiome/DataDelivery_2023-01-10_15-17-23_ngisthlm00104/files/P27457/P27457_202/02-FASTQ/221205_A00689_0706_BHYV7CDSX3/P27457_202_S106_L004_R2_001.fastq.gz	F2_H	H30/sequence_quality_control/H30_QC_R1.fastq.gz	H30/sequence_quality_control/H30_QC_R2.fastq.gz	H30/sequence_quality_control/H30_QC_se.fastq.gz
L3	/proj/snic2020-5-486/dbp_gut_microbiome/DataDelivery_2023-01-10_15-17-23_ngisthlm00104/files/P27457/P27457_203/02-FASTQ/221205_A00689_0706_BHYV7CDSX3/P27457_203_S107_L004_R1_001.fastq.gz	/proj/snic2020-5-486/dbp_gut_microbiome/DataDelivery_2023-01-10_15-17-23_ngisthlm00104/files/P27457/P27457_203/02-FASTQ/221205_A00689_0706_BHYV7CDSX3/P27457_203_S107_L004_R2_001.fastq.gz	F0_L	L3/sequence_quality_control/L3_QC_R1.fastq.gz	L3/sequence_quality_control/L3_QC_R2.fastq.gz	L3/sequence_quality_control/L3_QC_se.fastq.gz
H29	/proj/snic2020-5-486/dbp_gut_microbiome/DataDelivery_2023-01-10_15-17-23_ngisthlm00104/files/P27457/P27457_204/02-FASTQ/221205_A00689_0706_BHYV7CDSX3/P27457_204_S108_L004_R1_001.fastq.gz	/proj/snic2020-5-486/dbp_gut_microbiome/DataDelivery_2023-01-10_15-17-23_ngisthlm00104/files/P27457/P27457_204/02-FASTQ/221205_A00689_0706_BHYV7CDSX3/P27457_204_S108_L004_R2_001.fastq.gz	F2_H	H29/sequence_quality_control/H29_QC_R1.fastq.gz	H29/sequence_quality_control/H29_QC_R2.fastq.gz	H29/sequence_quality_control/H29_QC_se.fastq.gz
L6-t.r	/proj/snic2020-5-486/dbp_gut_microbiome/DataDelivery_2023-01-10_15-17-23_ngisthlm00104/files/P27457/P27457_205/02-FASTQ/221205_A00689_0706_BHYV7CDSX3/P27457_205_S109_L004_R1_001.fastq.gz	/proj/snic2020-5-486/dbp_gut_microbiome/DataDelivery_2023-01-10_15-17-23_ngisthlm00104/files/P27457/P27457_205/02-FASTQ/221205_A00689_0706_BHYV7CDSX3/P27457_205_S109_L004_R2_001.fastq.gz	F0_L	L6-t.r/sequence_quality_control/L6-t.r_QC_R1.fastq.gz	L6-t.r/sequence_quality_control/L6-t.r_QC_R2.fastq.gz	L6-t.r/sequence_quality_control/L6-t.r_QC_se.fastq.gz
L9	/proj/snic2020-5-486/dbp_gut_microbiome/DataDelivery_2023-01-10_15-17-23_ngisthlm00104/files/P27457/P27457_206/02-FASTQ/221205_A00689_0706_BHYV7CDSX3/P27457_206_S110_L004_R1_001.fastq.gz	/proj/snic2020-5-486/dbp_gut_microbiome/DataDelivery_2023-01-10_15-17-23_ngisthlm00104/files/P27457/P27457_206/02-FASTQ/221205_A00689_0706_BHYV7CDSX3/P27457_206_S110_L004_R2_001.fastq.gz	F0_L	L9/sequence_quality_control/L9_QC_R1.fastq.gz	L9/sequence_quality_control/L9_QC_R2.fastq.gz	L9/sequence_quality_control/L9_QC_se.fastq.gz
C30	/proj/snic2020-5-486/dbp_gut_microbiome/DataDelivery_2023-01-10_15-17-23_ngisthlm00104/files/P27457/P27457_207/02-FASTQ/221205_A00689_0706_BHYV7CDSX3/P27457_207_S111_L004_R1_001.fastq.gz	/proj/snic2020-5-486/dbp_gut_microbiome/DataDelivery_2023-01-10_15-17-23_ngisthlm00104/files/P27457/P27457_207/02-FASTQ/221205_A00689_0706_BHYV7CDSX3/P27457_207_S111_L004_R2_001.fastq.gz	F2_C	C30/sequence_quality_control/C30_QC_R1.fastq.gz	C30/sequence_quality_control/C30_QC_R2.fastq.gz	C30/sequence_quality_control/C30_QC_se.fastq.gz
L28	/proj/snic2020-5-486/dbp_gut_microbiome/DataDelivery_2023-01-10_15-17-23_ngisthlm00104/files/P27457/P27457_208/02-FASTQ/221205_A00689_0706_BHYV7CDSX3/P27457_208_S112_L004_R1_001.fastq.gz	/proj/snic2020-5-486/dbp_gut_microbiome/DataDelivery_2023-01-10_15-17-23_ngisthlm00104/files/P27457/P27457_208/02-FASTQ/221205_A00689_0706_BHYV7CDSX3/P27457_208_S112_L004_R2_001.fastq.gz	F2_L	L28/sequence_quality_control/L28_QC_R1.fastq.gz	L28/sequence_quality_control/L28_QC_R2.fastq.gz	L28/sequence_quality_control/L28_QC_se.fastq.gz
C12	/proj/snic2020-5-486/dbp_gut_microbiome/DataDelivery_2023-01-10_15-17-23_ngisthlm00104/files/P27457/P27457_209/02-FASTQ/221205_A00689_0706_BHYV7CDSX3/P27457_209_S113_L004_R1_001.fastq.gz	/proj/snic2020-5-486/dbp_gut_microbiome/DataDelivery_2023-01-10_15-17-23_ngisthlm00104/files/P27457/P27457_209/02-FASTQ/221205_A00689_0706_BHYV7CDSX3/P27457_209_S113_L004_R2_001.fastq.gz	F1_C	C12/sequence_quality_control/C12_QC_R1.fastq.gz	C12/sequence_quality_control/C12_QC_R2.fastq.gz	C12/sequence_quality_control/C12_QC_se.fastq.gz
L17	/proj/snic2020-5-486/dbp_gut_microbiome/DataDelivery_2023-01-10_15-17-23_ngisthlm00104/files/P27457/P27457_210/02-FASTQ/221205_A00689_0706_BHYV7CDSX3/P27457_210_S114_L004_R1_001.fastq.gz	/proj/snic2020-5-486/dbp_gut_microbiome/DataDelivery_2023-01-10_15-17-23_ngisthlm00104/files/P27457/P27457_210/02-FASTQ/221205_A00689_0706_BHYV7CDSX3/P27457_210_S114_L004_R2_001.fastq.gz	F2_L	L17/sequence_quality_control/L17_QC_R1.fastq.gz	L17/sequence_quality_control/L17_QC_R2.fastq.gz	L17/sequence_quality_control/L17_QC_se.fastq.gz
H32-t.r	/proj/snic2020-5-486/dbp_gut_microbiome/DataDelivery_2023-01-10_15-17-23_ngisthlm00104/files/P27457/P27457_211/02-FASTQ/221205_A00689_0706_BHYV7CDSX3/P27457_211_S115_L004_R1_001.fastq.gz	/proj/snic2020-5-486/dbp_gut_microbiome/DataDelivery_2023-01-10_15-17-23_ngisthlm00104/files/P27457/P27457_211/02-FASTQ/221205_A00689_0706_BHYV7CDSX3/P27457_211_S115_L004_R2_001.fastq.gz	F2_H	H32-t.r/sequence_quality_control/H32-t.r_QC_R1.fastq.gz	H32-t.r/sequence_quality_control/H32-t.r_QC_R2.fastq.gz	H32-t.r/sequence_quality_control/H32-t.r_QC_se.fastq.gz
C19	/proj/snic2020-5-486/dbp_gut_microbiome/DataDelivery_2023-01-10_15-17-23_ngisthlm00104/files/P27457/P27457_212/02-FASTQ/221205_A00689_0706_BHYV7CDSX3/P27457_212_S116_L004_R1_001.fastq.gz	/proj/snic2020-5-486/dbp_gut_microbiome/DataDelivery_2023-01-10_15-17-23_ngisthlm00104/files/P27457/P27457_212/02-FASTQ/221205_A00689_0706_BHYV7CDSX3/P27457_212_S116_L004_R2_001.fastq.gz	F2_C	C19/sequence_quality_control/C19_QC_R1.fastq.gz	C19/sequence_quality_control/C19_QC_R2.fastq.gz	C19/sequence_quality_control/C19_QC_se.fastq.gz
H13-t.r	/proj/snic2020-5-486/dbp_gut_microbiome/DataDelivery_2023-01-10_15-17-23_ngisthlm00104/files/P27457/P27457_213/02-FASTQ/221205_A00689_0706_BHYV7CDSX3/P27457_213_S117_L004_R1_001.fastq.gz	/proj/snic2020-5-486/dbp_gut_microbiome/DataDelivery_2023-01-10_15-17-23_ngisthlm00104/files/P27457/P27457_213/02-FASTQ/221205_A00689_0706_BHYV7CDSX3/P27457_213_S117_L004_R2_001.fastq.gz	F1_H	H13-t.r/sequence_quality_control/H13-t.r_QC_R1.fastq.gz	H13-t.r/sequence_quality_control/H13-t.r_QC_R2.fastq.gz	H13-t.r/sequence_quality_control/H13-t.r_QC_se.fastq.gz
C19-t.r	/proj/snic2020-5-486/dbp_gut_microbiome/DataDelivery_2023-01-10_15-17-23_ngisthlm00104/files/P27457/P27457_214/02-FASTQ/221205_A00689_0706_BHYV7CDSX3/P27457_214_S118_L004_R1_001.fastq.gz	/proj/snic2020-5-486/dbp_gut_microbiome/DataDelivery_2023-01-10_15-17-23_ngisthlm00104/files/P27457/P27457_214/02-FASTQ/221205_A00689_0706_BHYV7CDSX3/P27457_214_S118_L004_R2_001.fastq.gz	F2_C	C19-t.r/sequence_quality_control/C19-t.r_QC_R1.fastq.gz	C19-t.r/sequence_quality_control/C19-t.r_QC_R2.fastq.gz	C19-t.r/sequence_quality_control/C19-t.r_QC_se.fastq.gz
H25	/proj/snic2020-5-486/dbp_gut_microbiome/DataDelivery_2023-01-10_15-17-23_ngisthlm00104/files/P27457/P27457_215/02-FASTQ/221205_A00689_0706_BHYV7CDSX3/P27457_215_S119_L004_R1_001.fastq.gz	/proj/snic2020-5-486/dbp_gut_microbiome/DataDelivery_2023-01-10_15-17-23_ngisthlm00104/files/P27457/P27457_215/02-FASTQ/221205_A00689_0706_BHYV7CDSX3/P27457_215_S119_L004_R2_001.fastq.gz	F2_H	H25/sequence_quality_control/H25_QC_R1.fastq.gz	H25/sequence_quality_control/H25_QC_R2.fastq.gz	H25/sequence_quality_control/H25_QC_se.fastq.gz
H20	/proj/snic2020-5-486/dbp_gut_microbiome/DataDelivery_2023-01-10_15-17-23_ngisthlm00104/files/P27457/P27457_216/02-FASTQ/221205_A00689_0706_BHYV7CDSX3/P27457_216_S120_L004_R1_001.fastq.gz	/proj/snic2020-5-486/dbp_gut_microbiome/DataDelivery_2023-01-10_15-17-23_ngisthlm00104/files/P27457/P27457_216/02-FASTQ/221205_A00689_0706_BHYV7CDSX3/P27457_216_S120_L004_R2_001.fastq.gz	F2_H	H20/sequence_quality_control/H20_QC_R1.fastq.gz	H20/sequence_quality_control/H20_QC_R2.fastq.gz	H20/sequence_quality_control/H20_QC_se.fastq.gz
L25	/proj/snic2020-5-486/dbp_gut_microbiome/DataDelivery_2023-01-10_15-17-23_ngisthlm00104/files/P27457/P27457_217/02-FASTQ/221205_A00689_0706_BHYV7CDSX3/P27457_217_S121_L004_R1_001.fastq.gz	/proj/snic2020-5-486/dbp_gut_microbiome/DataDelivery_2023-01-10_15-17-23_ngisthlm00104/files/P27457/P27457_217/02-FASTQ/221205_A00689_0706_BHYV7CDSX3/P27457_217_S121_L004_R2_001.fastq.gz	F2_L			
